{
  "nodes": {
    "date-format#1": {
      "contentWidth": 589.8467125163505,
      "rfNode": {
        "position": {
          "x": 148.3218651457891,
          "y": 31.53760404102806
        }
      }
    }
  }
}