{
  "nodes": {
    "date-format#1": {
      "contentWidth": 589.8467125163505,
      "rfNode": {
        "position": {
          "x": 101.24062741509186,
          "y": 58.09625096603676
        }
      }
    }
  }
}